He_Stutters_Podcast_–_Make_Room_For_The_Stuttering, episode-208-with-kelsey-h, https://stutterrockstar.files.wordpress.com/2011/05/male-episode-1-with-alan1.mp3, HeStutters, 0
He_Stutters_Podcast_–_Make_Room_For_The_Stuttering, episode-208-with-kelsey-h, https://stutterrockstar.files.wordpress.com/2012/04/male-episode-10-with-landon.mp3, HeStutters, 1
He_Stutters_Podcast_–_Make_Room_For_The_Stuttering, episode-208-with-kelsey-h, https://stutterrockstar.files.wordpress.com/2012/05/male-episode-11-with-frank.mp3, HeStutters, 2
He_Stutters_Podcast_–_Make_Room_For_The_Stuttering, episode-208-with-kelsey-h, https://stutterrockstar.files.wordpress.com/2012/05/male-episode-12-with-lott1.mp3, HeStutters, 3
He_Stutters_Podcast_–_Make_Room_For_The_Stuttering, episode-208-with-kelsey-h, https://stutterrockstar.files.wordpress.com/2012/06/male-episode-13-with-juan-ali.mp3, HeStutters, 4
He_Stutters_Podcast_–_Make_Room_For_The_Stuttering, episode-208-with-kelsey-h, https://stutterrockstar.files.wordpress.com/2012/08/male-episode-14-with-grant.mp3, HeStutters, 5
He_Stutters_Podcast_–_Make_Room_For_The_Stuttering, episode-208-with-kelsey-h, https://stutterrockstar.files.wordpress.com/2012/08/male-episode-15-with-hanan.mp3, HeStutters, 6
He_Stutters_Podcast_–_Make_Room_For_The_Stuttering, episode-208-with-kelsey-h, https://stutterrockstar.files.wordpress.com/2012/09/male-episode-16-with-geoff.mp3, HeStutters, 7
He_Stutters_Podcast_–_Make_Room_For_The_Stuttering, episode-208-with-kelsey-h, https://stutterrockstar.files.wordpress.com/2012/09/male-episode-17-with-robert.mp3, HeStutters, 8
He_Stutters_Podcast_–_Make_Room_For_The_Stuttering, episode-208-with-kelsey-h, https://stutterrockstar.files.wordpress.com/2012/11/male-episode-18-with-ray.mp3, HeStutters, 9
He_Stutters_Podcast_–_Make_Room_For_The_Stuttering, episode-208-with-kelsey-h, https://stutterrockstar.files.wordpress.com/2012/11/male-episode-19-with-john-h.mp3, HeStutters, 10
He_Stutters_Podcast_–_Make_Room_For_The_Stuttering, episode-208-with-kelsey-h, https://stutterrockstar.files.wordpress.com/2011/07/male-episode-2-with-henryk.mp3, HeStutters, 11
He_Stutters_Podcast_–_Make_Room_For_The_Stuttering, episode-208-with-kelsey-h, https://stutterrockstar.files.wordpress.com/2014/02/male-episode-20-with-oli.mp3, HeStutters, 12
He_Stutters_Podcast_–_Make_Room_For_The_Stuttering, episode-208-with-kelsey-h, https://stutterrockstar.files.wordpress.com/2014/08/male-episode-21-with-dylan.mp3, HeStutters, 13
He_Stutters_Podcast_–_Make_Room_For_The_Stuttering, episode-208-with-kelsey-h, https://stutterrockstar.files.wordpress.com/2016/09/male-episode-22-w-chaz.mp3, HeStutters, 14
He_Stutters_Podcast_–_Make_Room_For_The_Stuttering, episode-208-with-kelsey-h, https://stutterrockstar.files.wordpress.com/2017/06/male-episode-23-with-ian.mp3, HeStutters, 15
He_Stutters_Podcast_–_Make_Room_For_The_Stuttering, episode-208-with-kelsey-h, https://stutterrockstar.files.wordpress.com/2018/09/male-episode-24-with-david-a.mp3, HeStutters, 16
He_Stutters_Podcast_–_Make_Room_For_The_Stuttering, episode-208-with-kelsey-h, https://stutterrockstar.files.wordpress.com/2018/09/male-episode-25-with-rob.mp3, HeStutters, 17
He_Stutters_Podcast_–_Make_Room_For_The_Stuttering, episode-208-with-kelsey-h, https://stutterrockstar.files.wordpress.com/2018/11/male-episode-26-with-andy-fitz.mp3, HeStutters, 18
He_Stutters_Podcast_–_Make_Room_For_The_Stuttering, episode-208-with-kelsey-h, https://stutterrockstar.files.wordpress.com/2020/04/male-episode-27-with-chris-c.mp3, HeStutters, 19
He_Stutters_Podcast_–_Make_Room_For_The_Stuttering, episode-208-with-kelsey-h, https://stutterrockstar.files.wordpress.com/2011/10/male-episode-3-with-vivek.mp3, HeStutters, 20
He_Stutters_Podcast_–_Make_Room_For_The_Stuttering, episode-208-with-kelsey-h, https://stutterrockstar.files.wordpress.com/2012/01/male-episode-4-with-joseph.mp3, HeStutters, 21
He_Stutters_Podcast_–_Make_Room_For_The_Stuttering, episode-208-with-kelsey-h, https://stutterrockstar.files.wordpress.com/2012/02/male-episode-5-with-john-p.mp3, HeStutters, 22
He_Stutters_Podcast_–_Make_Room_For_The_Stuttering, episode-208-with-kelsey-h, https://stutterrockstar.files.wordpress.com/2012/02/male-episode-6-with-zachary.mp3, HeStutters, 23
Hudson_Valley_Stuttering_Association, 682StutterTalk, https://anchor.fm/s/184c5dac/podcast/play/11473227/https%3A%2F%2Fd3ctxlq1ktw2nl.cloudfront.net%2Fstaging%2F2020-2-24%2F58674976-44100-2-ba93934fac3dc.m4a, HVSA, 0
Hudson_Valley_Stuttering_Association, 682StutterTalk, https://anchor.fm/s/184c5dac/podcast/play/11621505/https%3A%2F%2Fd3ctxlq1ktw2nl.cloudfront.net%2Fproduction%2F2020-2-27%2F59502673-44100-1-de0884dbdac71.m4a, HVSA, 1
Hudson_Valley_Stuttering_Association, 682StutterTalk, https://anchor.fm/s/184c5dac/podcast/play/11637529/https%3A%2F%2Fd3ctxlq1ktw2nl.cloudfront.net%2Fproduction%2F2020-3-17%2F65403420-44100-1-480bdf97d2168.m4a, HVSA, 2
Hudson_Valley_Stuttering_Association, 682StutterTalk, https://anchor.fm/s/184c5dac/podcast/play/12739266/https%3A%2F%2Fd3ctxlq1ktw2nl.cloudfront.net%2Fproduction%2F2020-3-21%2F66491576-44100-1-ea58f77ddd263.m4a, HVSA, 3
I_Stutter_So_What, episode-137-with-autumn, http://istuttersowhat.com/podcast/ISSW007final.mp3, IStutterSoWhat, 0
I_Stutter_So_What, episode-137-with-autumn, http://istuttersowhat.com/podcast/ISSWPodcast001.mp3, IStutterSoWhat, 1
I_Stutter_So_What, episode-137-with-autumn, http://istuttersowhat.com/podcast/ISSWPodcast003-MikeLapot.mp3, IStutterSoWhat, 2
I_Stutter_So_What, episode-137-with-autumn, http://istuttersowhat.com/podcast/ISSWPodcast004-the-walk.mp3, IStutterSoWhat, 3
I_Stutter_So_What, episode-137-with-autumn, http://istuttersowhat.com/podcast/ISSWPodcast005.mp3, IStutterSoWhat, 4
My_Stuttering_Life, episode-175-with-rachel-hoge-second-time, https://traffic.libsyn.com/secure/mystutteringlife/1_Tip_Final_Podcast.mp3?dest-id=1660175, MyStutteringLife, 0
My_Stuttering_Life, episode-175-with-rachel-hoge-second-time, https://traffic.libsyn.com/secure/mystutteringlife/A-Parent-s-Perspective-On-Stut-858691a75e012.m4a?dest-id=1660175, MyStutteringLife, 1
My_Stuttering_Life, episode-175-with-rachel-hoge-second-time, https://traffic.libsyn.com/secure/mystutteringlife/AdamWright_Final_Episode2.mp3?dest-id=1660175, MyStutteringLife, 2
My_Stuttering_Life, episode-175-with-rachel-hoge-second-time, https://traffic.libsyn.com/secure/mystutteringlife/Andrew_Simpson_Final_Podcast2.mp3?dest-id=1660175, MyStutteringLife, 3
My_Stuttering_Life, episode-175-with-rachel-hoge-second-time, https://traffic.libsyn.com/secure/mystutteringlife/Callum_Schofield_Final_Podcast_Interview.mp3?dest-id=1660175, MyStutteringLife, 4
My_Stuttering_Life, episode-175-with-rachel-hoge-second-time, https://traffic.libsyn.com/secure/mystutteringlife/Cynthia_Zmrocek_final.mp3?dest-id=1660175, MyStutteringLife, 5
My_Stuttering_Life, episode-175-with-rachel-hoge-second-time, https://traffic.libsyn.com/secure/mystutteringlife/Evan-Sherman--SLP-7f31356581b4e.m4a?dest-id=1660175, MyStutteringLife, 6
My_Stuttering_Life, episode-175-with-rachel-hoge-second-time, https://traffic.libsyn.com/secure/mystutteringlife/Final_Gal_Zussman_for_Libsyn.mp3?dest-id=1660175, MyStutteringLife, 7
My_Stuttering_Life, episode-175-with-rachel-hoge-second-time, https://traffic.libsyn.com/secure/mystutteringlife/Hakim_Erwin_Podcast_Interview.mp3?dest-id=1660175, MyStutteringLife, 8
My_Stuttering_Life, episode-175-with-rachel-hoge-second-time, https://traffic.libsyn.com/secure/mystutteringlife/Hugo-Torres---Language-and-Com-e7a8e5ec468a7.m4a?dest-id=1660175, MyStutteringLife, 9
My_Stuttering_Life, episode-175-with-rachel-hoge-second-time, https://traffic.libsyn.com/secure/mystutteringlife/In-the-Beginning-6c5ad406487d29537363311966d56b0c.m4a?dest-id=1660175, MyStutteringLife, 10
My_Stuttering_Life, episode-175-with-rachel-hoge-second-time, https://traffic.libsyn.com/secure/mystutteringlife/It-Really-Does-Work---f507694368126.m4a?dest-id=1660175, MyStutteringLife, 11
My_Stuttering_Life, episode-175-with-rachel-hoge-second-time, https://traffic.libsyn.com/secure/mystutteringlife/Jack_Dinsley_Podcast_Interview.mp3?dest-id=1660175, MyStutteringLife, 12
My_Stuttering_Life, episode-175-with-rachel-hoge-second-time, https://traffic.libsyn.com/secure/mystutteringlife/Jaleesa-Bygrave-32463d904feed.m4a?dest-id=1660175, MyStutteringLife, 13
My_Stuttering_Life, episode-175-with-rachel-hoge-second-time, https://traffic.libsyn.com/secure/mystutteringlife/James-Hayden---Tedx-Speaker----c61828ed03aa.m4a?dest-id=1660175, MyStutteringLife, 14
My_Stuttering_Life, episode-175-with-rachel-hoge-second-time, https://traffic.libsyn.com/secure/mystutteringlife/Jared_Glickfield_Interview.mp3?dest-id=1660175, MyStutteringLife, 15
My_Stuttering_Life, episode-175-with-rachel-hoge-second-time, https://traffic.libsyn.com/secure/mystutteringlife/Jason_Nunez_Final_Podcast.mp3?dest-id=1660175, MyStutteringLife, 16
My_Stuttering_Life, episode-175-with-rachel-hoge-second-time, https://traffic.libsyn.com/secure/mystutteringlife/LeRon-Barton---Author-and-Tedx-e1dd1b17397ec.m4a?dest-id=1660175, MyStutteringLife, 17
My_Stuttering_Life, episode-175-with-rachel-hoge-second-time, https://traffic.libsyn.com/secure/mystutteringlife/Matt_Herman_Podcast_Interview.mp3?dest-id=1660175, MyStutteringLife, 18
My_Stuttering_Life, episode-175-with-rachel-hoge-second-time, https://traffic.libsyn.com/secure/mystutteringlife/Michaela_Misske_Maia_Podcast_Interview.mp3?dest-id=1660175, MyStutteringLife, 19
My_Stuttering_Life, episode-175-with-rachel-hoge-second-time, https://traffic.libsyn.com/secure/mystutteringlife/Nic-513a5a5fdb391.m4a?dest-id=1660175, MyStutteringLife, 20
My_Stuttering_Life, episode-175-with-rachel-hoge-second-time, https://traffic.libsyn.com/secure/mystutteringlife/Rama-Siva---Author-and-Believe-fa2c1426a8ecf.m4a?dest-id=1660175, MyStutteringLife, 21
My_Stuttering_Life, episode-175-with-rachel-hoge-second-time, https://traffic.libsyn.com/secure/mystutteringlife/Roy-Johnson-ef1c45683c008.m4a?dest-id=1660175, MyStutteringLife, 22
My_Stuttering_Life, episode-175-with-rachel-hoge-second-time, https://traffic.libsyn.com/secure/mystutteringlife/Sherrika_Meyers_Podcast_Interview_Final2.mp3?dest-id=1660175, MyStutteringLife, 23
My_Stuttering_Life, episode-175-with-rachel-hoge-second-time, https://traffic.libsyn.com/secure/mystutteringlife/Strike-1--Strike-2--Strike-3-bdb9ea7b85a9f.m4a?dest-id=1660175, MyStutteringLife, 24
My_Stuttering_Life, episode-175-with-rachel-hoge-second-time, https://traffic.libsyn.com/secure/mystutteringlife/Stuttering---Dating-a7bc436740b51.m4a?dest-id=1660175, MyStutteringLife, 25
My_Stuttering_Life, episode-175-with-rachel-hoge-second-time, https://traffic.libsyn.com/secure/mystutteringlife/Stuttering---S-G-A-ca3bbb051ad38.m4a?dest-id=1660175, MyStutteringLife, 26
My_Stuttering_Life, episode-175-with-rachel-hoge-second-time, https://traffic.libsyn.com/secure/mystutteringlife/Stuttering--Comparing-Yoursel-d9878cc4b4dbeabcf17bca8ac944c01c.m4a?dest-id=1660175, MyStutteringLife, 27
My_Stuttering_Life, episode-175-with-rachel-hoge-second-time, https://traffic.libsyn.com/secure/mystutteringlife/Stuttering--Daily-Wins-dc679fc34876d2608693744930e9916d.m4a?dest-id=1660175, MyStutteringLife, 28
My_Stuttering_Life, episode-175-with-rachel-hoge-second-time, https://traffic.libsyn.com/secure/mystutteringlife/Stuttering--Exhaustion-b6c1b8398a19d8233f6ef78d967ca8a4.m4a?dest-id=1660175, MyStutteringLife, 29
My_Stuttering_Life, episode-175-with-rachel-hoge-second-time, https://traffic.libsyn.com/secure/mystutteringlife/Stuttering--Having-A-Good-Sup-5fcd2434048a1d89814ae47f27262256.m4a?dest-id=1660175, MyStutteringLife, 30
My_Stuttering_Life, episode-175-with-rachel-hoge-second-time, https://traffic.libsyn.com/secure/mystutteringlife/Stuttering--the-5-Second-Rule-814d7a4352a1914e80a84096d55d340c.m4a?dest-id=1660175, MyStutteringLife, 31
My_Stuttering_Life, episode-175-with-rachel-hoge-second-time, https://traffic.libsyn.com/secure/mystutteringlife/Stuttering--the-Magic-Pill-0175066e072a81b372a158ad1aedbc47.m4a?dest-id=1660175, MyStutteringLife, 32
My_Stuttering_Life, episode-175-with-rachel-hoge-second-time, https://traffic.libsyn.com/secure/mystutteringlife/Talking-To-The-Man-In-The-Mirr-b8ed833119e34.m4a?dest-id=1660175, MyStutteringLife, 33
My_Stuttering_Life, episode-175-with-rachel-hoge-second-time, https://traffic.libsyn.com/secure/mystutteringlife/The-Card-You-Need-d4d6af5eb5ae.m4a?dest-id=1660175, MyStutteringLife, 34
My_Stuttering_Life, episode-175-with-rachel-hoge-second-time, https://traffic.libsyn.com/secure/mystutteringlife/The-Journey-Of-A-Stutterer-Fro-52b1d1c58293f.m4a?dest-id=1660175, MyStutteringLife, 35
My_Stuttering_Life, episode-175-with-rachel-hoge-second-time, https://traffic.libsyn.com/secure/mystutteringlife/The-Wanderer-8654d99ae8dfd.m4a?dest-id=1660175, MyStutteringLife, 36
My_Stuttering_Life, episode-175-with-rachel-hoge-second-time, https://traffic.libsyn.com/secure/mystutteringlife/Vampire-Crabs-af4efc29c6e9d.m4a?dest-id=1660175, MyStutteringLife, 37
My_Stuttering_Life, episode-175-with-rachel-hoge-second-time, https://traffic.libsyn.com/secure/mystutteringlife/Vicky_G_Final_Episode.mp3?dest-id=1660175, MyStutteringLife, 38
My_Stuttering_Life, episode-175-with-rachel-hoge-second-time, https://traffic.libsyn.com/secure/mystutteringlife/Will_McClurg_Podcast_Final.mp3?dest-id=1660175, MyStutteringLife, 39
Strong_Voices_-_overcoming_speaking_challenges, male-episode-11-with-frank, http://feeds.soundcloud.com/stream/393268140-user-709642316-episode-1-pilot.mp3, StrongVoices, 0
Strong_Voices_-_overcoming_speaking_challenges, male-episode-11-with-frank, http://feeds.soundcloud.com/stream/407179179-user-709642316-episode-3-dont-let-anything-get-in-the-way-with-denis-wright.mp3, StrongVoices, 1
Strong_Voices_-_overcoming_speaking_challenges, male-episode-11-with-frank, http://feeds.soundcloud.com/stream/413976822-user-709642316-episode-4-totally-transformed-with-monica-shanahan.mp3, StrongVoices, 2
Strong_Voices_-_overcoming_speaking_challenges, male-episode-11-with-frank, http://feeds.soundcloud.com/stream/420675876-user-709642316-bonus-episode-1-stuttering-research-with-tatiana-izmaylova.mp3, StrongVoices, 3
Strong_Voices_-_overcoming_speaking_challenges, male-episode-11-with-frank, http://feeds.soundcloud.com/stream/421724238-user-709642316-svpodcast-ep-5.mp3, StrongVoices, 4
Strong_Voices_-_overcoming_speaking_challenges, male-episode-11-with-frank, http://feeds.soundcloud.com/stream/428515275-user-709642316-episode-6-the-martial-art-of-speaking-with-kate-salkeld.mp3, StrongVoices, 5
Strong_Voices_-_overcoming_speaking_challenges, male-episode-11-with-frank, http://feeds.soundcloud.com/stream/435397359-user-709642316-episode-7-with-tom-deblaere.mp3, StrongVoices, 6
Strong_Voices_-_overcoming_speaking_challenges, male-episode-11-with-frank, http://feeds.soundcloud.com/stream/442534920-user-709642316-episode-8-self-acceptance-and-eloquence-with-noel-kumar.mp3, StrongVoices, 7
Strong_Voices_-_overcoming_speaking_challenges, male-episode-11-with-frank, http://feeds.soundcloud.com/stream/451194234-user-709642316-episode-9-then-versus-now-with-kristy-warden.mp3, StrongVoices, 8
Strong_Voices_-_overcoming_speaking_challenges, male-episode-11-with-frank, http://feeds.soundcloud.com/stream/462134433-user-709642316-episode-11-it-all-adds-up-with-strong-technique-with-marcel-conway.mp3, StrongVoices, 9
Strong_Voices_-_overcoming_speaking_challenges, male-episode-11-with-frank, http://feeds.soundcloud.com/stream/468076068-user-709642316-episode-12-success-with-many-voices-with-yasmeen-hassan.mp3, StrongVoices, 10
Strong_Voices_-_overcoming_speaking_challenges, male-episode-11-with-frank, http://feeds.soundcloud.com/stream/481363221-user-709642316-episode-13-stay-chilled-and-enjoy-speaking-with-phil-jeffrey.mp3, StrongVoices, 11
Strong_Voices_-_overcoming_speaking_challenges, male-episode-11-with-frank, http://feeds.soundcloud.com/stream/494066280-user-709642316-episode-15-accessibility-and-the-future-with-ross-mullen.mp3, StrongVoices, 12
Strong_Voices_-_overcoming_speaking_challenges, male-episode-11-with-frank, http://feeds.soundcloud.com/stream/500204031-user-709642316-episode-16-the-best-of-me-with-scott-monson.mp3, StrongVoices, 13
Strong_Voices_-_overcoming_speaking_challenges, male-episode-11-with-frank, http://feeds.soundcloud.com/stream/506871492-user-709642316-episode-17-the-hexagon-and-its-application-with-scott-monson.mp3, StrongVoices, 14
Strong_Voices_-_overcoming_speaking_challenges, male-episode-11-with-frank, http://feeds.soundcloud.com/stream/514061178-user-709642316-episode-18-a-journey-begun-with-anthony-steed.mp3, StrongVoices, 15
Strong_Voices_-_overcoming_speaking_challenges, male-episode-11-with-frank, http://feeds.soundcloud.com/stream/520973022-user-709642316-episode-19-the-abc-of-everything-with-scott-monson.mp3, StrongVoices, 16
Strong_Voices_-_overcoming_speaking_challenges, male-episode-11-with-frank, http://feeds.soundcloud.com/stream/528397401-user-709642316-episode-20-goals-achieved-more-to-explore-with-freddie-westhuizen.mp3, StrongVoices, 17
Strong_Voices_-_overcoming_speaking_challenges, male-episode-11-with-frank, http://feeds.soundcloud.com/stream/547557738-user-709642316-episode-24-2018-in-review-with-your-hosts.mp3, StrongVoices, 18
Strong_Voices_-_overcoming_speaking_challenges, male-episode-11-with-frank, http://feeds.soundcloud.com/stream/569330349-user-709642316-episode-25-part-1-with-mike-wilson.mp3, StrongVoices, 19
Strong_Voices_-_overcoming_speaking_challenges, male-episode-11-with-frank, http://feeds.soundcloud.com/stream/576628695-user-709642316-episode-26-part-2-with-mike-wilson.mp3, StrongVoices, 20
Strong_Voices_-_overcoming_speaking_challenges, male-episode-11-with-frank, http://feeds.soundcloud.com/stream/591248463-user-709642316-episode-28-part-1-with-ankur-aryaa-and-eugene-barannikov.mp3, StrongVoices, 21
Strong_Voices_-_overcoming_speaking_challenges, male-episode-11-with-frank, http://feeds.soundcloud.com/stream/598593423-user-709642316-episode-29-part-2-with-ankur-aryaa-and-eugene-barannikov.mp3, StrongVoices, 22
Strong_Voices_-_overcoming_speaking_challenges, male-episode-11-with-frank, http://feeds.soundcloud.com/stream/606220788-user-709642316-episode-30-with-todd-wheldon.mp3, StrongVoices, 23
Strong_Voices_-_overcoming_speaking_challenges, male-episode-11-with-frank, http://feeds.soundcloud.com/stream/612122499-user-709642316-episode-31-moving-forward-with-katy-johnson.mp3, StrongVoices, 24
Strong_Voices_-_overcoming_speaking_challenges, male-episode-11-with-frank, http://feeds.soundcloud.com/stream/619339989-user-709642316-episode-32-with-martin-bates.mp3, StrongVoices, 25
Strong_Voices_-_overcoming_speaking_challenges, male-episode-11-with-frank, http://feeds.soundcloud.com/stream/625233042-user-709642316-episode-33-with-jhoney-ekladious.mp3, StrongVoices, 26
Strong_Voices_-_overcoming_speaking_challenges, male-episode-11-with-frank, http://feeds.soundcloud.com/stream/632551599-user-709642316-episode-34-with-peter-wise.mp3, StrongVoices, 27
Strong_Voices_-_overcoming_speaking_challenges, male-episode-11-with-frank, http://feeds.soundcloud.com/stream/668349341-user-709642316-episode-35-ride-the-wave-with-riley-cadman.mp3, StrongVoices, 28
Strong_Voices_-_overcoming_speaking_challenges, male-episode-11-with-frank, http://feeds.soundcloud.com/stream/710943172-user-709642316-svpodcast-ep37.mp3, StrongVoices, 29
Strong_Voices_-_overcoming_speaking_challenges, male-episode-11-with-frank, http://feeds.soundcloud.com/stream/714010465-user-709642316-episode-38-life-love-and-relationships-part-2-with-alex-cowan-and-kate.mp3, StrongVoices, 30
Strong_Voices_-_overcoming_speaking_challenges, male-episode-11-with-frank, http://feeds.soundcloud.com/stream/722540014-user-709642316-episode-40-its-never-to-late-to-be-a-great-speaker-with-virginia-hortis.mp3, StrongVoices, 31
Strong_Voices_-_overcoming_speaking_challenges, male-episode-11-with-frank, http://feeds.soundcloud.com/stream/728507386-user-709642316-episode-41-destroy-the-fear-with-kenny-macheka.mp3, StrongVoices, 32
Strong_Voices_-_overcoming_speaking_challenges, male-episode-11-with-frank, http://feeds.soundcloud.com/stream/730703080-user-709642316-episode-42-there-is-more-to-stuttering-than-stuttering-with-geoff-johnston.mp3, StrongVoices, 33
Strong_Voices_-_overcoming_speaking_challenges, male-episode-11-with-frank, http://feeds.soundcloud.com/stream/746278345-user-709642316-episode-45-goodby-from-your-hosts.mp3, StrongVoices, 34
StutterTalk_Changing_how_you_think_about_stuttering, episode-180-with-petra-a, http://media.blubrry.com/stuttertalk/stuttertalk.com/podcast/572StutterTalk.mp3, StutterTalk, 0
StutterTalk_Changing_how_you_think_about_stuttering, episode-180-with-petra-a, http://media.blubrry.com/stuttertalk/stuttertalk.com/podcast/573StutterTalk.mp3, StutterTalk, 1
StutterTalk_Changing_how_you_think_about_stuttering, episode-180-with-petra-a, http://media.blubrry.com/stuttertalk/stuttertalk.com/podcast/575StutterTalk.mp3, StutterTalk, 2
StutterTalk_Changing_how_you_think_about_stuttering, episode-180-with-petra-a, http://media.blubrry.com/stuttertalk/stuttertalk.com/podcast/577StutterTalk.mp3, StutterTalk, 3
StutterTalk_Changing_how_you_think_about_stuttering, episode-180-with-petra-a, http://media.blubrry.com/stuttertalk/stuttertalk.com/podcast/578StutterTalk.mp3, StutterTalk, 4
StutterTalk_Changing_how_you_think_about_stuttering, episode-180-with-petra-a, http://media.blubrry.com/stuttertalk/stuttertalk.com/podcast/579StutterTalk.mp3, StutterTalk, 5
StutterTalk_Changing_how_you_think_about_stuttering, episode-180-with-petra-a, http://media.blubrry.com/stuttertalk/stuttertalk.com/podcast/581StutterTalk.mp3, StutterTalk, 6
StutterTalk_Changing_how_you_think_about_stuttering, episode-180-with-petra-a, http://media.blubrry.com/stuttertalk/stuttertalk.com/podcast/583StutterTalk.mp3, StutterTalk, 7
StutterTalk_Changing_how_you_think_about_stuttering, episode-180-with-petra-a, http://media.blubrry.com/stuttertalk/stuttertalk.com/podcast/584StutterTalk.mp3, StutterTalk, 8
StutterTalk_Changing_how_you_think_about_stuttering, episode-180-with-petra-a, http://media.blubrry.com/stuttertalk/stuttertalk.com/podcast/585StutterTalk.mp3, StutterTalk, 9
StutterTalk_Changing_how_you_think_about_stuttering, episode-180-with-petra-a, http://media.blubrry.com/stuttertalk/stuttertalk.com/podcast/587StutterTalk.mp3, StutterTalk, 10
StutterTalk_Changing_how_you_think_about_stuttering, episode-180-with-petra-a, http://media.blubrry.com/stuttertalk/stuttertalk.com/podcast/588StutterTalk.mp3, StutterTalk, 11
StutterTalk_Changing_how_you_think_about_stuttering, episode-180-with-petra-a, http://media.blubrry.com/stuttertalk/stuttertalk.com/podcast/589StutterTalk.mp3, StutterTalk, 12
StutterTalk_Changing_how_you_think_about_stuttering, episode-180-with-petra-a, http://media.blubrry.com/stuttertalk/stuttertalk.com/podcast/590StutterTalk.mp3, StutterTalk, 13
StutterTalk_Changing_how_you_think_about_stuttering, episode-180-with-petra-a, http://media.blubrry.com/stuttertalk/stuttertalk.com/podcast/592StutterTalk.mp3, StutterTalk, 14
StutterTalk_Changing_how_you_think_about_stuttering, episode-180-with-petra-a, http://media.blubrry.com/stuttertalk/stuttertalk.com/podcast/593StutterTalk.mp3, StutterTalk, 15
StutterTalk_Changing_how_you_think_about_stuttering, episode-180-with-petra-a, http://media.blubrry.com/stuttertalk/stuttertalk.com/podcast/594StutterTalk.mp3, StutterTalk, 16
StutterTalk_Changing_how_you_think_about_stuttering, episode-180-with-petra-a, http://media.blubrry.com/stuttertalk/stuttertalk.com/podcast/595StutterTalk.mp3, StutterTalk, 17
StutterTalk_Changing_how_you_think_about_stuttering, episode-180-with-petra-a, http://media.blubrry.com/stuttertalk/stuttertalk.com/podcast/596StutterTalk.mp3, StutterTalk, 18
StutterTalk_Changing_how_you_think_about_stuttering, episode-180-with-petra-a, http://media.blubrry.com/stuttertalk/stuttertalk.com/podcast/597StutterTalk.mp3, StutterTalk, 19
StutterTalk_Changing_how_you_think_about_stuttering, episode-180-with-petra-a, http://media.blubrry.com/stuttertalk/stuttertalk.com/podcast/598StutterTalk.mp3, StutterTalk, 20
StutterTalk_Changing_how_you_think_about_stuttering, episode-180-with-petra-a, http://media.blubrry.com/stuttertalk/stuttertalk.com/podcast/601StutterTalk.mp3, StutterTalk, 21
StutterTalk_Changing_how_you_think_about_stuttering, episode-180-with-petra-a, http://media.blubrry.com/stuttertalk/stuttertalk.com/podcast/602StutterTalk.mp3, StutterTalk, 22
StutterTalk_Changing_how_you_think_about_stuttering, episode-180-with-petra-a, http://media.blubrry.com/stuttertalk/stuttertalk.com/podcast/603StutterTalk.mp3, StutterTalk, 23
StutterTalk_Changing_how_you_think_about_stuttering, episode-180-with-petra-a, http://media.blubrry.com/stuttertalk/stuttertalk.com/podcast/604StutterTalk.mp3, StutterTalk, 24
StutterTalk_Changing_how_you_think_about_stuttering, episode-180-with-petra-a, http://media.blubrry.com/stuttertalk/stuttertalk.com/podcast/605StutterTalk.mp3, StutterTalk, 25
StutterTalk_Changing_how_you_think_about_stuttering, episode-180-with-petra-a, http://media.blubrry.com/stuttertalk/stuttertalk.com/podcast/606StutterTalk.mp3, StutterTalk, 26
StutterTalk_Changing_how_you_think_about_stuttering, episode-180-with-petra-a, http://media.blubrry.com/stuttertalk/stuttertalk.com/podcast/608StutterTalk.mp3, StutterTalk, 27
StutterTalk_Changing_how_you_think_about_stuttering, episode-180-with-petra-a, http://media.blubrry.com/stuttertalk/stuttertalk.com/podcast/609StutterTalk.mp3, StutterTalk, 28
StutterTalk_Changing_how_you_think_about_stuttering, episode-180-with-petra-a, http://media.blubrry.com/stuttertalk/stuttertalk.com/podcast/610StutterTalk.mp3, StutterTalk, 29
StutterTalk_Changing_how_you_think_about_stuttering, episode-180-with-petra-a, http://media.blubrry.com/stuttertalk/stuttertalk.com/podcast/611StutterTalk.mp3, StutterTalk, 30
StutterTalk_Changing_how_you_think_about_stuttering, episode-180-with-petra-a, http://media.blubrry.com/stuttertalk/stuttertalk.com/podcast/612StutterTalk.mp3, StutterTalk, 31
StutterTalk_Changing_how_you_think_about_stuttering, episode-180-with-petra-a, http://media.blubrry.com/stuttertalk/stuttertalk.com/podcast/615StutterTalk.mp3, StutterTalk, 32
StutterTalk_Changing_how_you_think_about_stuttering, episode-180-with-petra-a, http://media.blubrry.com/stuttertalk/stuttertalk.com/podcast/617StutterTalk.mp3, StutterTalk, 33
StutterTalk_Changing_how_you_think_about_stuttering, episode-180-with-petra-a, http://media.blubrry.com/stuttertalk/stuttertalk.com/podcast/618StutterTalk.mp3, StutterTalk, 34
StutterTalk_Changing_how_you_think_about_stuttering, episode-180-with-petra-a, http://media.blubrry.com/stuttertalk/stuttertalk.com/podcast/619StutterTalk.mp3, StutterTalk, 35
StutterTalk_Changing_how_you_think_about_stuttering, episode-180-with-petra-a, http://media.blubrry.com/stuttertalk/stuttertalk.com/podcast/620StutterTalk.mp3, StutterTalk, 36
StutterTalk_Changing_how_you_think_about_stuttering, episode-180-with-petra-a, http://media.blubrry.com/stuttertalk/stuttertalk.com/podcast/622StutterTalk.mp3, StutterTalk, 37
StutterTalk_Changing_how_you_think_about_stuttering, episode-180-with-petra-a, http://media.blubrry.com/stuttertalk/stuttertalk.com/podcast/624StutterTalk.mp3, StutterTalk, 38
StutterTalk_Changing_how_you_think_about_stuttering, episode-180-with-petra-a, http://media.blubrry.com/stuttertalk/stuttertalk.com/podcast/626StutterTalk.mp3, StutterTalk, 39
StutterTalk_Changing_how_you_think_about_stuttering, episode-180-with-petra-a, http://media.blubrry.com/stuttertalk/stuttertalk.com/podcast/627StutterTalk.mp3, StutterTalk, 40
StutterTalk_Changing_how_you_think_about_stuttering, episode-180-with-petra-a, http://media.blubrry.com/stuttertalk/stuttertalk.com/podcast/629StutterTalk.mp3, StutterTalk, 41
StutterTalk_Changing_how_you_think_about_stuttering, episode-180-with-petra-a, http://media.blubrry.com/stuttertalk/stuttertalk.com/podcast/630StutterTalk.mp3, StutterTalk, 42
StutterTalk_Changing_how_you_think_about_stuttering, episode-180-with-petra-a, http://media.blubrry.com/stuttertalk/stuttertalk.com/podcast/632StutterTalk.mp3, StutterTalk, 43
StutterTalk_Changing_how_you_think_about_stuttering, episode-180-with-petra-a, http://media.blubrry.com/stuttertalk/stuttertalk.com/podcast/633StutterTalk.mp3, StutterTalk, 44
StutterTalk_Changing_how_you_think_about_stuttering, episode-180-with-petra-a, http://media.blubrry.com/stuttertalk/stuttertalk.com/podcast/634StutterTalk.mp3, StutterTalk, 45
StutterTalk_Changing_how_you_think_about_stuttering, episode-180-with-petra-a, http://media.blubrry.com/stuttertalk/stuttertalk.com/podcast/635StutterTalk.mp3, StutterTalk, 46
StutterTalk_Changing_how_you_think_about_stuttering, episode-180-with-petra-a, http://media.blubrry.com/stuttertalk/stuttertalk.com/podcast/639StutterTalk.mp3, StutterTalk, 47
StutterTalk_Changing_how_you_think_about_stuttering, episode-180-with-petra-a, http://media.blubrry.com/stuttertalk/stuttertalk.com/podcast/640StutterTalk.mp3, StutterTalk, 48
StutterTalk_Changing_how_you_think_about_stuttering, episode-180-with-petra-a, http://media.blubrry.com/stuttertalk/stuttertalk.com/podcast/641StutterTalk.mp3, StutterTalk, 49
StutterTalk_Changing_how_you_think_about_stuttering, episode-180-with-petra-a, http://media.blubrry.com/stuttertalk/stuttertalk.com/podcast/642StutterTalk.mp3, StutterTalk, 50
StutterTalk_Changing_how_you_think_about_stuttering, episode-180-with-petra-a, http://media.blubrry.com/stuttertalk/stuttertalk.com/podcast/644StutterTalk.mp3, StutterTalk, 51
StutterTalk_Changing_how_you_think_about_stuttering, episode-180-with-petra-a, http://media.blubrry.com/stuttertalk/stuttertalk.com/podcast/646StutterTalk.mp3, StutterTalk, 52
StutterTalk_Changing_how_you_think_about_stuttering, episode-180-with-petra-a, http://media.blubrry.com/stuttertalk/stuttertalk.com/podcast/647StutterTalk.mp3, StutterTalk, 53
StutterTalk_Changing_how_you_think_about_stuttering, episode-180-with-petra-a, http://media.blubrry.com/stuttertalk/stuttertalk.com/podcast/648StutterTalk.mp3, StutterTalk, 54
StutterTalk_Changing_how_you_think_about_stuttering, episode-180-with-petra-a, http://media.blubrry.com/stuttertalk/stuttertalk.com/podcast/650StutterTalk.mp3, StutterTalk, 55
StutterTalk_Changing_how_you_think_about_stuttering, episode-180-with-petra-a, http://media.blubrry.com/stuttertalk/stuttertalk.com/podcast/651StutterTalk.mp3, StutterTalk, 56
StutterTalk_Changing_how_you_think_about_stuttering, episode-180-with-petra-a, http://media.blubrry.com/stuttertalk/stuttertalk.com/podcast/652StutterTalk.mp3, StutterTalk, 57
StutterTalk_Changing_how_you_think_about_stuttering, episode-180-with-petra-a, http://media.blubrry.com/stuttertalk/stuttertalk.com/podcast/653StutterTalk.mp3, StutterTalk, 58
StutterTalk_Changing_how_you_think_about_stuttering, episode-180-with-petra-a, http://media.blubrry.com/stuttertalk/stuttertalk.com/podcast/654StutterTalk.mp3, StutterTalk, 59
StutterTalk_Changing_how_you_think_about_stuttering, episode-180-with-petra-a, http://media.blubrry.com/stuttertalk/stuttertalk.com/podcast/655StutterTalk.mp3, StutterTalk, 60
StutterTalk_Changing_how_you_think_about_stuttering, episode-180-with-petra-a, http://media.blubrry.com/stuttertalk/stuttertalk.com/podcast/657StutterTalk.mp3, StutterTalk, 61
StutterTalk_Changing_how_you_think_about_stuttering, episode-180-with-petra-a, http://media.blubrry.com/stuttertalk/stuttertalk.com/podcast/658StutterTalk.mp3, StutterTalk, 62
StutterTalk_Changing_how_you_think_about_stuttering, episode-180-with-petra-a, http://media.blubrry.com/stuttertalk/stuttertalk.com/podcast/660StutterTalk.mp3, StutterTalk, 63
StutterTalk_Changing_how_you_think_about_stuttering, episode-180-with-petra-a, http://media.blubrry.com/stuttertalk/stuttertalk.com/podcast/661StutterTalk.mp3, StutterTalk, 64
StutterTalk_Changing_how_you_think_about_stuttering, episode-180-with-petra-a, http://media.blubrry.com/stuttertalk/stuttertalk.com/podcast/663StutterTalk.mp3, StutterTalk, 65
StutterTalk_Changing_how_you_think_about_stuttering, episode-180-with-petra-a, http://media.blubrry.com/stuttertalk/stuttertalk.com/podcast/665StutterTalk.mp3, StutterTalk, 66
StutterTalk_Changing_how_you_think_about_stuttering, episode-180-with-petra-a, http://media.blubrry.com/stuttertalk/stuttertalk.com/podcast/666StutterTalk.mp3, StutterTalk, 67
StutterTalk_Changing_how_you_think_about_stuttering, episode-180-with-petra-a, http://media.blubrry.com/stuttertalk/stuttertalk.com/podcast/669StutterTalk.mp3, StutterTalk, 68
StutterTalk_Changing_how_you_think_about_stuttering, episode-180-with-petra-a, http://media.blubrry.com/stuttertalk/stuttertalk.com/podcast/670StutterTalk.mp3, StutterTalk, 69
StutterTalk_Changing_how_you_think_about_stuttering, episode-180-with-petra-a, http://media.blubrry.com/stuttertalk/stuttertalk.com/podcast/672StutterTalk.mp3, StutterTalk, 70
StutterTalk_Changing_how_you_think_about_stuttering, episode-180-with-petra-a, http://media.blubrry.com/stuttertalk/stuttertalk.com/podcast/674StutterTalk.mp3, StutterTalk, 71
StutterTalk_Changing_how_you_think_about_stuttering, episode-180-with-petra-a, http://media.blubrry.com/stuttertalk/stuttertalk.com/podcast/677StutterTalk.mp3, StutterTalk, 72
StutterTalk_Changing_how_you_think_about_stuttering, episode-180-with-petra-a, http://media.blubrry.com/stuttertalk/stuttertalk.com/podcast/678StutterTalk.mp3, StutterTalk, 73
StutterTalk_Changing_how_you_think_about_stuttering, episode-180-with-petra-a, http://media.blubrry.com/stuttertalk/stuttertalk.com/podcast/679StutterTalk.mp3, StutterTalk, 74
StutterTalk_Changing_how_you_think_about_stuttering, episode-180-with-petra-a, http://media.blubrry.com/stuttertalk/stuttertalk.com/podcast/680StutterTalk.mp3, StutterTalk, 75
StutterTalk_Changing_how_you_think_about_stuttering, episode-180-with-petra-a, http://media.blubrry.com/stuttertalk/stuttertalk.com/podcast/681StutterTalk.mp3, StutterTalk, 76
StutterTalk_Changing_how_you_think_about_stuttering, episode-180-with-petra-a, http://media.blubrry.com/stuttertalk/stuttertalk.com/podcast/682StutterTalk.mp3, StutterTalk, 77
StutterTalk_Changing_how_you_think_about_stuttering, episode-180-with-petra-a, http://media.blubrry.com/stuttertalk/stuttertalk.com/podcast/684StutterTalk.mp3, StutterTalk, 78
StutterTalk_Changing_how_you_think_about_stuttering, episode-180-with-petra-a, http://media.blubrry.com/stuttertalk/stuttertalk.com/podcast/686StutterTalk.mp3, StutterTalk, 79
StutterTalk_Changing_how_you_think_about_stuttering, episode-180-with-petra-a, http://media.blubrry.com/stuttertalk/stuttertalk.com/podcast/StutterTalkCampSAY.mp3, StutterTalk, 80
StutterTalk_Changing_how_you_think_about_stuttering, episode-180-with-petra-a, http://media.blubrry.com/stuttertalk/stuttertalk.com/podcast/StutterTalkPositionStatement.mp3, StutterTalk, 81
Stuttering_is_Cool, 583StutterTalk, http://feedproxy.google.com/~r/StutteringIsCool/~5/6ctZYoFLT1o/Stuttering-is-Cool-1st-episode.mp3, StutteringIsCool, 0
Stuttering_is_Cool, 583StutterTalk, http://feedproxy.google.com/~r/StutteringIsCool/~5/cgNC5zjE6J4/cool100.mp3, StutteringIsCool, 1
Stuttering_is_Cool, 583StutterTalk, http://feedproxy.google.com/~r/StutteringIsCool/~5/LNLU2XfWt8E/cool101.mp3, StutteringIsCool, 2
Stuttering_is_Cool, 583StutterTalk, http://feedproxy.google.com/~r/StutteringIsCool/~5/Qp6UWNvsgIY/cool103.mp3, StutteringIsCool, 3
Stuttering_is_Cool, 583StutterTalk, http://feedproxy.google.com/~r/StutteringIsCool/~5/tTYb1Z7G9Ss/cool104.mp3, StutteringIsCool, 4
Stuttering_is_Cool, 583StutterTalk, http://feedproxy.google.com/~r/StutteringIsCool/~5/Zxg0R7Iv2OA/cool106.mp3, StutteringIsCool, 5
Stuttering_is_Cool, 583StutterTalk, http://feedproxy.google.com/~r/StutteringIsCool/~5/XisH14bTWBg/cool107.mp3, StutteringIsCool, 6
Stuttering_is_Cool, 583StutterTalk, http://feedproxy.google.com/~r/StutteringIsCool/~5/IAbVF4hfWMM/cool108.mp3, StutteringIsCool, 7
Stuttering_is_Cool, 583StutterTalk, http://feedproxy.google.com/~r/StutteringIsCool/~5/JMPBks6CPjQ/cool111.mp3, StutteringIsCool, 8
Stuttering_is_Cool, 583StutterTalk, http://feedproxy.google.com/~r/StutteringIsCool/~5/kzY2TcEkN24/cool114.mp3, StutteringIsCool, 9
Stuttering_is_Cool, 583StutterTalk, http://feedproxy.google.com/~r/StutteringIsCool/~5/rjR8nbLT8vo/cool115.mp3, StutteringIsCool, 10
Stuttering_is_Cool, 583StutterTalk, http://feedproxy.google.com/~r/StutteringIsCool/~5/gXBXKtRsZAA/cool119.mp3, StutteringIsCool, 11
Stuttering_is_Cool, 583StutterTalk, http://feedproxy.google.com/~r/StutteringIsCool/~5/3CEkMGmAWxo/cool120.mp3, StutteringIsCool, 12
Stuttering_is_Cool, 583StutterTalk, http://feedproxy.google.com/~r/StutteringIsCool/~5/ikhqNWW0ZxY/cool124.mp3, StutteringIsCool, 13
Stuttering_is_Cool, 583StutterTalk, http://feedproxy.google.com/~r/StutteringIsCool/~5/ClmJvu5YB6A/cool126.mp3, StutteringIsCool, 14
Stuttering_is_Cool, 583StutterTalk, http://feedproxy.google.com/~r/StutteringIsCool/~5/63UHi10te5c/cool127.mp3, StutteringIsCool, 15
Stuttering_is_Cool, 583StutterTalk, http://feedproxy.google.com/~r/StutteringIsCool/~5/jX1GvdliLTw/cool131.mp3, StutteringIsCool, 16
Stuttering_is_Cool, 583StutterTalk, http://feedproxy.google.com/~r/StutteringIsCool/~5/Tv9772x6y-U/cool133.mp3, StutteringIsCool, 17
Stuttering_is_Cool, 583StutterTalk, http://feedproxy.google.com/~r/StutteringIsCool/~5/zgwmEjBpX2Q/cool136.mp3, StutteringIsCool, 18
Stuttering_is_Cool, 583StutterTalk, http://feedproxy.google.com/~r/StutteringIsCool/~5/9PfLcPdEWdw/cool137.mp3, StutteringIsCool, 19
Stuttering_is_Cool, 583StutterTalk, http://feedproxy.google.com/~r/StutteringIsCool/~5/-uWXGbrUh6w/cool138.mp3, StutteringIsCool, 20
Stuttering_is_Cool, 583StutterTalk, http://feedproxy.google.com/~r/StutteringIsCool/~5/Bz2DNrZUIx8/cool140.mp3, StutteringIsCool, 21
Stuttering_is_Cool, 583StutterTalk, http://feedproxy.google.com/~r/StutteringIsCool/~5/A4yBT9_XvAQ/cool141.mp3, StutteringIsCool, 22
Stuttering_is_Cool, 583StutterTalk, http://feedproxy.google.com/~r/StutteringIsCool/~5/007wXSUoKpw/cool142.mp3, StutteringIsCool, 23
Stuttering_is_Cool, 583StutterTalk, http://feedproxy.google.com/~r/StutteringIsCool/~5/7n0GCOnP-Ho/cool143.mp3, StutteringIsCool, 24
Stuttering_is_Cool, 583StutterTalk, http://feedproxy.google.com/~r/StutteringIsCool/~5/aMI1Z1jcMCI/cool144.mp3, StutteringIsCool, 25
Stuttering_is_Cool, 583StutterTalk, http://feedproxy.google.com/~r/StutteringIsCool/~5/aosVoQKrfE0/cool147.mp3, StutteringIsCool, 26
Stuttering_is_Cool, 583StutterTalk, http://feedproxy.google.com/~r/StutteringIsCool/~5/laBdXpp_0Lw/cool148.mp3, StutteringIsCool, 27
Stuttering_is_Cool, 583StutterTalk, http://feedproxy.google.com/~r/StutteringIsCool/~5/ywXNNRKkf9Y/cool151.mp3, StutteringIsCool, 28
Stuttering_is_Cool, 583StutterTalk, http://feedproxy.google.com/~r/StutteringIsCool/~5/8VkJj43Kktc/cool158.mp3, StutteringIsCool, 29
Stuttering_is_Cool, 583StutterTalk, http://feedproxy.google.com/~r/StutteringIsCool/~5/JcWnKjOtuyY/cool159.mp3, StutteringIsCool, 30
Stuttering_is_Cool, 583StutterTalk, http://feedproxy.google.com/~r/StutteringIsCool/~5/gVN2kakZXTs/cool160.mp3, StutteringIsCool, 31
Stuttering_is_Cool, 583StutterTalk, http://feedproxy.google.com/~r/StutteringIsCool/~5/6cQtXSy6BEI/cool163.mp3, StutteringIsCool, 32
Stuttering_is_Cool, 583StutterTalk, http://feedproxy.google.com/~r/StutteringIsCool/~5/byBWDpkJlWY/cool166.mp3, StutteringIsCool, 33
Stuttering_is_Cool, 583StutterTalk, http://feedproxy.google.com/~r/StutteringIsCool/~5/q0AgOhvk7cs/cool167.mp3, StutteringIsCool, 34
Stuttering_is_Cool, 583StutterTalk, http://feedproxy.google.com/~r/StutteringIsCool/~5/B4IYZVBOJdg/cool169.mp3, StutteringIsCool, 35
Stuttering_is_Cool, 583StutterTalk, http://feedproxy.google.com/~r/StutteringIsCool/~5/TjArmv9HVak/cool170.mp3, StutteringIsCool, 36
Stuttering_is_Cool, 583StutterTalk, http://feedproxy.google.com/~r/StutteringIsCool/~5/vmasUslk59U/cool173.mp3, StutteringIsCool, 37
Stuttering_is_Cool, 583StutterTalk, http://feedproxy.google.com/~r/StutteringIsCool/~5/qwuNYfcFc7I/cool174.mp3, StutteringIsCool, 38
Stuttering_is_Cool, 583StutterTalk, http://feedproxy.google.com/~r/StutteringIsCool/~5/1mZVOjJVSHk/cool176.mp3, StutteringIsCool, 39
Stuttering_is_Cool, 583StutterTalk, http://feedproxy.google.com/~r/StutteringIsCool/~5/VtkWsaG5lpY/cool177.mp3, StutteringIsCool, 40
Stuttering_is_Cool, 583StutterTalk, http://feedproxy.google.com/~r/StutteringIsCool/~5/ulah-lx71kA/cool178.mp3, StutteringIsCool, 41
Stuttering_is_Cool, 583StutterTalk, http://feedproxy.google.com/~r/StutteringIsCool/~5/gmsdy5yK-pA/cool179.mp3, StutteringIsCool, 42
Stuttering_is_Cool, 583StutterTalk, http://feedproxy.google.com/~r/StutteringIsCool/~5/MIO0zpN7zSQ/cool183.mp3, StutteringIsCool, 43
Stuttering_is_Cool, 583StutterTalk, http://feedproxy.google.com/~r/StutteringIsCool/~5/2VUkB4F2d5A/cool190.mp3, StutteringIsCool, 44
Stuttering_is_Cool, 583StutterTalk, http://feedproxy.google.com/~r/StutteringIsCool/~5/dJ9I_oPRfP8/cool191.mp3, StutteringIsCool, 45
Stuttering_is_Cool, 583StutterTalk, http://feedproxy.google.com/~r/StutteringIsCool/~5/boIxAGW0qRw/cool193.mp3, StutteringIsCool, 46
Stuttering_is_Cool, 583StutterTalk, http://feedproxy.google.com/~r/StutteringIsCool/~5/x6_DC6Ffdo0/cool194.mp3, StutteringIsCool, 47
Stuttering_is_Cool, 583StutterTalk, http://feedproxy.google.com/~r/StutteringIsCool/~5/_fkLeTVt3AM/cool195.mp3, StutteringIsCool, 48
Stuttering_is_Cool, 583StutterTalk, http://feedproxy.google.com/~r/StutteringIsCool/~5/aqoBMF32e0c/cool196.mp3, StutteringIsCool, 49
Stuttering_is_Cool, 583StutterTalk, http://feedproxy.google.com/~r/StutteringIsCool/~5/3P0LG_ORg-I/cool197.mp3, StutteringIsCool, 50
Stuttering_is_Cool, 583StutterTalk, http://feedproxy.google.com/~r/StutteringIsCool/~5/t9gg0w5W_7I/cool203.mp3, StutteringIsCool, 51
Stuttering_is_Cool, 583StutterTalk, http://feedproxy.google.com/~r/StutteringIsCool/~5/rqbohFps7GA/cool204.mp3, StutteringIsCool, 52
Stuttering_is_Cool, 583StutterTalk, http://feedproxy.google.com/~r/StutteringIsCool/~5/GJ9ql1cm4u0/cool206.mp3, StutteringIsCool, 53
Stuttering_is_Cool, 583StutterTalk, http://feedproxy.google.com/~r/StutteringIsCool/~5/4ybos2J76tE/cool207.mp3, StutteringIsCool, 54
Stuttering_is_Cool, 583StutterTalk, http://feedproxy.google.com/~r/StutteringIsCool/~5/V4ca5zvoHrY/cool209.mp3, StutteringIsCool, 55
Stuttering_is_Cool, 583StutterTalk, http://feedproxy.google.com/~r/StutteringIsCool/~5/atEQZbqkkEw/cool210.mp3, StutteringIsCool, 56
Stuttering_is_Cool, 583StutterTalk, http://feedproxy.google.com/~r/StutteringIsCool/~5/pA0nJsjSsAw/cool211.mp3, StutteringIsCool, 57
Stuttering_is_Cool, 583StutterTalk, http://feedproxy.google.com/~r/StutteringIsCool/~5/748-rTwjGGk/cool213.mp3, StutteringIsCool, 58
Stuttering_is_Cool, 583StutterTalk, http://feedproxy.google.com/~r/StutteringIsCool/~5/GcxpkNUrUBg/cool214.mp3, StutteringIsCool, 59
Stuttering_is_Cool, 583StutterTalk, http://feedproxy.google.com/~r/StutteringIsCool/~5/iBhx4fsdxCY/cool215.mp3, StutteringIsCool, 60
Stuttering_is_Cool, 583StutterTalk, http://feedproxy.google.com/~r/StutteringIsCool/~5/VJfW0AyhTQo/cool216.mp3, StutteringIsCool, 61
Stuttering_is_Cool, 583StutterTalk, http://feedproxy.google.com/~r/StutteringIsCool/~5/9rXCRdRB6pY/cool218.mp3, StutteringIsCool, 62
Stuttering_is_Cool, 583StutterTalk, http://feedproxy.google.com/~r/StutteringIsCool/~5/6M1i2lOeo-o/cool219.mp3, StutteringIsCool, 63
Stuttering_is_Cool, 583StutterTalk, http://feedproxy.google.com/~r/StutteringIsCool/~5/1a2DKTQR91M/cool221.mp3, StutteringIsCool, 64
Stuttering_is_Cool, 583StutterTalk, http://feedproxy.google.com/~r/StutteringIsCool/~5/Dr_UOEleklQ/cool222.mp3, StutteringIsCool, 65
Stuttering_is_Cool, 583StutterTalk, http://feedproxy.google.com/~r/StutteringIsCool/~5/iQgqfohlopE/cool224.mp3, StutteringIsCool, 66
Stuttering_is_Cool, 583StutterTalk, http://feedproxy.google.com/~r/StutteringIsCool/~5/ra3sLT1FX5g/cool225.mp3, StutteringIsCool, 67
Stuttering_is_Cool, 583StutterTalk, http://feedproxy.google.com/~r/StutteringIsCool/~5/Ujixf9AQrXA/cool227.mp3, StutteringIsCool, 68
Stuttering_is_Cool, 583StutterTalk, http://feedproxy.google.com/~r/StutteringIsCool/~5/2IPRbWwaer8/cool230.mp3, StutteringIsCool, 69
Stuttering_is_Cool, 583StutterTalk, http://feedproxy.google.com/~r/StutteringIsCool/~5/c2cVE5sHZPo/cool234.mp3, StutteringIsCool, 70
Stuttering_is_Cool, 583StutterTalk, http://feedproxy.google.com/~r/StutteringIsCool/~5/0aaFcX8c9p4/cool235.mp3, StutteringIsCool, 71
Stuttering_is_Cool, 583StutterTalk, http://feedproxy.google.com/~r/StutteringIsCool/~5/y-StkZTcaj8/cool237.mp3, StutteringIsCool, 72
Stuttering_is_Cool, 583StutterTalk, http://feedproxy.google.com/~r/StutteringIsCool/~5/d1BYcfh5JDU/cool238.mp3, StutteringIsCool, 73
Stuttering_is_Cool, 583StutterTalk, http://feedproxy.google.com/~r/StutteringIsCool/~5/3gKtIMjoYMQ/cool239.mp3, StutteringIsCool, 74
Stuttering_is_Cool, 583StutterTalk, http://feedproxy.google.com/~r/StutteringIsCool/~5/lm91PvoJibw/cool240.mp3, StutteringIsCool, 75
Stuttering_is_Cool, 583StutterTalk, http://feedproxy.google.com/~r/StutteringIsCool/~5/WSxSYwkLxlE/cool242.mp3, StutteringIsCool, 76
Stuttering_is_Cool, 583StutterTalk, http://feedproxy.google.com/~r/StutteringIsCool/~5/O9I3MmDtoXU/cool244.mp3, StutteringIsCool, 77
Stuttering_is_Cool, 583StutterTalk, http://feedproxy.google.com/~r/StutteringIsCool/~5/vC8mUuQn2Kk/cool54.mp3, StutteringIsCool, 78
Stuttering_is_Cool, 583StutterTalk, http://feedproxy.google.com/~r/StutteringIsCool/~5/aTTaOZtXQPM/cool66.mp3, StutteringIsCool, 79
Stuttering_is_Cool, 583StutterTalk, http://feedproxy.google.com/~r/StutteringIsCool/~5/iYmOU25-j58/cool81.mp3, StutteringIsCool, 80
Stuttering_is_Cool, 583StutterTalk, http://feedproxy.google.com/~r/StutteringIsCool/~5/FTcU1d4AXvk/cool84.mp3, StutteringIsCool, 81
Stuttering_is_Cool, 583StutterTalk, http://feedproxy.google.com/~r/StutteringIsCool/~5/ya6WZPxM3ew/cool99.mp3, StutteringIsCool, 82
Stuttering_is_Cool, 583StutterTalk, http://feedproxy.google.com/~r/StutteringIsCool/~5/7gLFtvbnyhM/mochaccino-and-seesmic.mp3, StutteringIsCool, 83
Stuttering_is_Cool, 583StutterTalk, http://feedproxy.google.com/~r/StutteringIsCool/~5/4t6Rp7RHuSI/shovelling-the-driveway.mp3, StutteringIsCool, 84
Women_Who_Stutter_Podcast_–_Make_Room_For_The_Stuttering, cool148, https://stutterrockstar.files.wordpress.com/2013/10/eoisode-110-with-carolina.mp3, WomenWhoStutter, 0
Women_Who_Stutter_Podcast_–_Make_Room_For_The_Stuttering, cool148, https://stutterrockstar.files.wordpress.com/2013/02/episode-100-with-tamara.mp3, WomenWhoStutter, 1
Women_Who_Stutter_Podcast_–_Make_Room_For_The_Stuttering, cool148, https://stutterrockstar.files.wordpress.com/2013/02/episode-101-with-3-ladies.mp3, WomenWhoStutter, 2
Women_Who_Stutter_Podcast_–_Make_Room_For_The_Stuttering, cool148, https://stutterrockstar.files.wordpress.com/2013/05/episode-103-w-rachel-mccullough.mp3, WomenWhoStutter, 3
Women_Who_Stutter_Podcast_–_Make_Room_For_The_Stuttering, cool148, https://stutterrockstar.files.wordpress.com/2013/06/episode-104-w-jessica-stone.mp3, WomenWhoStutter, 4
Women_Who_Stutter_Podcast_–_Make_Room_For_The_Stuttering, cool148, https://stutterrockstar.files.wordpress.com/2013/07/episode-106-with-amey.mp3, WomenWhoStutter, 5
Women_Who_Stutter_Podcast_–_Make_Room_For_The_Stuttering, cool148, https://stutterrockstar.files.wordpress.com/2013/08/episode-107-with-rachel-martinez.mp3, WomenWhoStutter, 6
Women_Who_Stutter_Podcast_–_Make_Room_For_The_Stuttering, cool148, https://stutterrockstar.files.wordpress.com/2013/08/episode-108-with-roisin.mp3, WomenWhoStutter, 7
Women_Who_Stutter_Podcast_–_Make_Room_For_The_Stuttering, cool148, https://stutterrockstar.files.wordpress.com/2013/10/episode-109-with-nelly.mp3, WomenWhoStutter, 8
Women_Who_Stutter_Podcast_–_Make_Room_For_The_Stuttering, cool148, https://stutterrockstar.files.wordpress.com/2013/11/episode-111-with-lois-cookie.mp3, WomenWhoStutter, 9
Women_Who_Stutter_Podcast_–_Make_Room_For_The_Stuttering, cool148, https://stutterrockstar.files.wordpress.com/2014/02/episode-113-with-sarah-o.mp3, WomenWhoStutter, 10
Women_Who_Stutter_Podcast_–_Make_Room_For_The_Stuttering, cool148, https://stutterrockstar.files.wordpress.com/2014/03/episode-114-with-courteny.mp3, WomenWhoStutter, 11
Women_Who_Stutter_Podcast_–_Make_Room_For_The_Stuttering, cool148, https://stutterrockstar.files.wordpress.com/2014/03/episode-115-with-cora.mp3, WomenWhoStutter, 12
Women_Who_Stutter_Podcast_–_Make_Room_For_The_Stuttering, cool148, https://stutterrockstar.files.wordpress.com/2014/05/episode-117-with-jamila.mp3, WomenWhoStutter, 13
Women_Who_Stutter_Podcast_–_Make_Room_For_The_Stuttering, cool148, https://stutterrockstar.files.wordpress.com/2014/05/episode-118-with-natalie.mp3, WomenWhoStutter, 14
Women_Who_Stutter_Podcast_–_Make_Room_For_The_Stuttering, cool148, https://stutterrockstar.files.wordpress.com/2014/07/episode-122-with-yousra.mp3, WomenWhoStutter, 15
Women_Who_Stutter_Podcast_–_Make_Room_For_The_Stuttering, cool148, https://stutterrockstar.files.wordpress.com/2014/07/episode-123-with-carmen.mp3, WomenWhoStutter, 16
Women_Who_Stutter_Podcast_–_Make_Room_For_The_Stuttering, cool148, https://stutterrockstar.files.wordpress.com/2014/07/episode-124-with-natalie-b.mp3, WomenWhoStutter, 17
Women_Who_Stutter_Podcast_–_Make_Room_For_The_Stuttering, cool148, https://stutterrockstar.files.wordpress.com/2014/08/episode-125-with-satu.mp3, WomenWhoStutter, 18
Women_Who_Stutter_Podcast_–_Make_Room_For_The_Stuttering, cool148, https://stutterrockstar.files.wordpress.com/2014/08/episode-126-w-christine-b.mp3, WomenWhoStutter, 19
Women_Who_Stutter_Podcast_–_Make_Room_For_The_Stuttering, cool148, https://stutterrockstar.files.wordpress.com/2014/08/episode-127-with-annie-b.mp3, WomenWhoStutter, 20
Women_Who_Stutter_Podcast_–_Make_Room_For_The_Stuttering, cool148, https://stutterrockstar.files.wordpress.com/2014/08/episode-128-with-farah.mp3, WomenWhoStutter, 21
Women_Who_Stutter_Podcast_–_Make_Room_For_The_Stuttering, cool148, https://stutterrockstar.files.wordpress.com/2014/09/episode-129-with-lashanda.mp3, WomenWhoStutter, 22
Women_Who_Stutter_Podcast_–_Make_Room_For_The_Stuttering, cool148, https://stutterrockstar.files.wordpress.com/2014/10/episode-130-with-debbie.mp3, WomenWhoStutter, 23
Women_Who_Stutter_Podcast_–_Make_Room_For_The_Stuttering, cool148, https://stutterrockstar.files.wordpress.com/2014/11/episode-131-with-vanna.mp3, WomenWhoStutter, 24
Women_Who_Stutter_Podcast_–_Make_Room_For_The_Stuttering, cool148, https://stutterrockstar.files.wordpress.com/2014/12/episode-132-with-emma.mp3, WomenWhoStutter, 25
Women_Who_Stutter_Podcast_–_Make_Room_For_The_Stuttering, cool148, https://stutterrockstar.files.wordpress.com/2015/01/episode-133-with-shilpa.mp3, WomenWhoStutter, 26
Women_Who_Stutter_Podcast_–_Make_Room_For_The_Stuttering, cool148, https://stutterrockstar.files.wordpress.com/2015/01/episode-134-with-margaret.mp3, WomenWhoStutter, 27
Women_Who_Stutter_Podcast_–_Make_Room_For_The_Stuttering, cool148, https://stutterrockstar.files.wordpress.com/2015/03/episode-136-with-dori.mp3, WomenWhoStutter, 28
Women_Who_Stutter_Podcast_–_Make_Room_For_The_Stuttering, cool148, https://stutterrockstar.files.wordpress.com/2015/03/episode-137-with-autumn.mp3, WomenWhoStutter, 29
Women_Who_Stutter_Podcast_–_Make_Room_For_The_Stuttering, cool148, https://stutterrockstar.files.wordpress.com/2015/04/episode-138-with-mery.mp3, WomenWhoStutter, 30
Women_Who_Stutter_Podcast_–_Make_Room_For_The_Stuttering, cool148, https://stutterrockstar.files.wordpress.com/2015/04/episode-139-with-heidi.mp3, WomenWhoStutter, 31
Women_Who_Stutter_Podcast_–_Make_Room_For_The_Stuttering, cool148, https://stutterrockstar.files.wordpress.com/2015/05/episode-140-with-debbie-riordan.mp3, WomenWhoStutter, 32
Women_Who_Stutter_Podcast_–_Make_Room_For_The_Stuttering, cool148, https://stutterrockstar.files.wordpress.com/2015/07/episode-143-with-samantha-temme.mp3, WomenWhoStutter, 33
Women_Who_Stutter_Podcast_–_Make_Room_For_The_Stuttering, cool148, https://stutterrockstar.files.wordpress.com/2015/08/episode-144-with-briana-p.mp3, WomenWhoStutter, 34
Women_Who_Stutter_Podcast_–_Make_Room_For_The_Stuttering, cool148, https://stutterrockstar.files.wordpress.com/2015/08/episode-145-with-bernice.mp3, WomenWhoStutter, 35
Women_Who_Stutter_Podcast_–_Make_Room_For_The_Stuttering, cool148, http://stutterrockstar.files.wordpress.com/2015/08/episode-146-with-kelly.mp3, WomenWhoStutter, 36
Women_Who_Stutter_Podcast_–_Make_Room_For_The_Stuttering, cool148, https://stutterrockstar.files.wordpress.com/2015/09/episode-147-with-mona.mp3, WomenWhoStutter, 37
Women_Who_Stutter_Podcast_–_Make_Room_For_The_Stuttering, cool148, https://stutterrockstar.files.wordpress.com/2016/04/episode-153-with-lisa-costello.mp3, WomenWhoStutter, 38
Women_Who_Stutter_Podcast_–_Make_Room_For_The_Stuttering, cool148, https://stutterrockstar.files.wordpress.com/2016/05/episode-155-with-megan-aldrich.mp3, WomenWhoStutter, 39
Women_Who_Stutter_Podcast_–_Make_Room_For_The_Stuttering, cool148, https://stutterrockstar.files.wordpress.com/2016/05/episode-156-with-elizabeth-w.mp3, WomenWhoStutter, 40
Women_Who_Stutter_Podcast_–_Make_Room_For_The_Stuttering, cool148, https://stutterrockstar.files.wordpress.com/2016/06/episode-157-with-haley-mitchem.mp3, WomenWhoStutter, 41
Women_Who_Stutter_Podcast_–_Make_Room_For_The_Stuttering, cool148, https://stutterrockstar.files.wordpress.com/2016/06/episode-158-with-jennifer-allaby.mp3, WomenWhoStutter, 42
Women_Who_Stutter_Podcast_–_Make_Room_For_The_Stuttering, cool148, https://stutterrockstar.files.wordpress.com/2016/06/episode-159-with-jaime-habing.mp3, WomenWhoStutter, 43
Women_Who_Stutter_Podcast_–_Make_Room_For_The_Stuttering, cool148, https://stutterrockstar.files.wordpress.com/2016/07/episode-160-with-bailey-palmer.mp3, WomenWhoStutter, 44
Women_Who_Stutter_Podcast_–_Make_Room_For_The_Stuttering, cool148, https://stutterrockstar.files.wordpress.com/2016/08/episode-161-with-lynne-mackie.mp3, WomenWhoStutter, 45
Women_Who_Stutter_Podcast_–_Make_Room_For_The_Stuttering, cool148, https://stutterrockstar.files.wordpress.com/2016/09/episode-162-with-alex.mp3, WomenWhoStutter, 46
Women_Who_Stutter_Podcast_–_Make_Room_For_The_Stuttering, cool148, https://stutterrockstar.files.wordpress.com/2016/09/episode-163-with-chani.mp3, WomenWhoStutter, 47
Women_Who_Stutter_Podcast_–_Make_Room_For_The_Stuttering, cool148, https://stutterrockstar.files.wordpress.com/2016/11/episode-165-with-emily-purkey.mp3, WomenWhoStutter, 48
Women_Who_Stutter_Podcast_–_Make_Room_For_The_Stuttering, cool148, https://stutterrockstar.files.wordpress.com/2017/02/episode-166-with-kim-block.mp3, WomenWhoStutter, 49
Women_Who_Stutter_Podcast_–_Make_Room_For_The_Stuttering, cool148, https://stutterrockstar.files.wordpress.com/2017/02/episode-167-with-hazel.mp3, WomenWhoStutter, 50
Women_Who_Stutter_Podcast_–_Make_Room_For_The_Stuttering, cool148, https://stutterrockstar.files.wordpress.com/2017/03/episode-168-with-hannah-smith.mp3, WomenWhoStutter, 51
Women_Who_Stutter_Podcast_–_Make_Room_For_The_Stuttering, cool148, https://stutterrockstar.files.wordpress.com/2017/03/episode-169-with-yara.mp3, WomenWhoStutter, 52
Women_Who_Stutter_Podcast_–_Make_Room_For_The_Stuttering, cool148, https://stutterrockstar.files.wordpress.com/2017/06/episode-170-with-pooja-vijay.mp3, WomenWhoStutter, 53
Women_Who_Stutter_Podcast_–_Make_Room_For_The_Stuttering, cool148, https://stutterrockstar.files.wordpress.com/2017/09/episode-171-with-catherine.mp3, WomenWhoStutter, 54
Women_Who_Stutter_Podcast_–_Make_Room_For_The_Stuttering, cool148, https://stutterrockstar.files.wordpress.com/2017/11/episode-172-with-jaymie-h.mp3, WomenWhoStutter, 55
Women_Who_Stutter_Podcast_–_Make_Room_For_The_Stuttering, cool148, https://stutterrockstar.files.wordpress.com/2018/04/episode-175-with-rachel-hoge-second-time.mp3, WomenWhoStutter, 56
Women_Who_Stutter_Podcast_–_Make_Room_For_The_Stuttering, cool148, https://stutterrockstar.files.wordpress.com/2018/04/episode-176-with-lisa-wilder.mp3, WomenWhoStutter, 57
Women_Who_Stutter_Podcast_–_Make_Room_For_The_Stuttering, cool148, https://stutterrockstar.files.wordpress.com/2018/05/episode-177-with-claire-norman.mp3, WomenWhoStutter, 58
Women_Who_Stutter_Podcast_–_Make_Room_For_The_Stuttering, cool148, https://stutterrockstar.files.wordpress.com/2018/06/episode-178-with-annie.mp3, WomenWhoStutter, 59
Women_Who_Stutter_Podcast_–_Make_Room_For_The_Stuttering, cool148, https://stutterrockstar.files.wordpress.com/2018/06/episode-180-with-petra-a.mp3, WomenWhoStutter, 60
Women_Who_Stutter_Podcast_–_Make_Room_For_The_Stuttering, cool148, https://stutterrockstar.files.wordpress.com/2018/07/episode-181-with-mikaela.mp3, WomenWhoStutter, 61
Women_Who_Stutter_Podcast_–_Make_Room_For_The_Stuttering, cool148, https://stutterrockstar.files.wordpress.com/2018/07/episode-183-with-emily-anderson.mp3, WomenWhoStutter, 62
Women_Who_Stutter_Podcast_–_Make_Room_For_The_Stuttering, cool148, https://stutterrockstar.files.wordpress.com/2018/08/episode-185-with-natalie-park.mp3, WomenWhoStutter, 63
Women_Who_Stutter_Podcast_–_Make_Room_For_The_Stuttering, cool148, https://stutterrockstar.files.wordpress.com/2018/08/episode-186-with-maddy-b.mp3, WomenWhoStutter, 64
Women_Who_Stutter_Podcast_–_Make_Room_For_The_Stuttering, cool148, https://stutterrockstar.files.wordpress.com/2018/08/episode-187-with-christine-bsa.mp3, WomenWhoStutter, 65
Women_Who_Stutter_Podcast_–_Make_Room_For_The_Stuttering, cool148, https://stutterrockstar.files.wordpress.com/2018/08/episode-188-with-sarah-albannay.mp3, WomenWhoStutter, 66
Women_Who_Stutter_Podcast_–_Make_Room_For_The_Stuttering, cool148, https://stutterrockstar.files.wordpress.com/2018/10/episode-191-with-mara-o.mp3, WomenWhoStutter, 67
Women_Who_Stutter_Podcast_–_Make_Room_For_The_Stuttering, cool148, https://stutterrockstar.files.wordpress.com/2018/11/episode-192-with-grace-mcmahon.mp3, WomenWhoStutter, 68
Women_Who_Stutter_Podcast_–_Make_Room_For_The_Stuttering, cool148, https://stutterrockstar.files.wordpress.com/2018/11/episode-193-with-hannah-dunn.mp3, WomenWhoStutter, 69
Women_Who_Stutter_Podcast_–_Make_Room_For_The_Stuttering, cool148, https://stutterrockstar.files.wordpress.com/2019/02/episode-194-with-adrienne.mp3, WomenWhoStutter, 70
Women_Who_Stutter_Podcast_–_Make_Room_For_The_Stuttering, cool148, https://stutterrockstar.files.wordpress.com/2019/02/episode-195-with-aileen-q.mp3, WomenWhoStutter, 71
Women_Who_Stutter_Podcast_–_Make_Room_For_The_Stuttering, cool148, https://stutterrockstar.files.wordpress.com/2019/03/episode-196-with-yuka.mp3, WomenWhoStutter, 72
Women_Who_Stutter_Podcast_–_Make_Room_For_The_Stuttering, cool148, https://stutterrockstar.files.wordpress.com/2019/04/episode-197-with-madeleine-maccar.mp3, WomenWhoStutter, 73
Women_Who_Stutter_Podcast_–_Make_Room_For_The_Stuttering, cool148, https://stutterrockstar.files.wordpress.com/2019/04/episode-198-with-alecia-s-m.mp3, WomenWhoStutter, 74
Women_Who_Stutter_Podcast_–_Make_Room_For_The_Stuttering, cool148, https://stutterrockstar.files.wordpress.com/2019/05/episode-199-with-anje-herde.mp3, WomenWhoStutter, 75
Women_Who_Stutter_Podcast_–_Make_Room_For_The_Stuttering, cool148, https://stutterrockstar.files.wordpress.com/2019/06/episode-201-with-juliette.mp3, WomenWhoStutter, 76
Women_Who_Stutter_Podcast_–_Make_Room_For_The_Stuttering, cool148, https://stutterrockstar.files.wordpress.com/2019/06/episode-202-with-ariel.mp3, WomenWhoStutter, 77
Women_Who_Stutter_Podcast_–_Make_Room_For_The_Stuttering, cool148, https://stutterrockstar.files.wordpress.com/2019/07/episode-203-with-maryann-nelson.mp3, WomenWhoStutter, 78
Women_Who_Stutter_Podcast_–_Make_Room_For_The_Stuttering, cool148, https://stutterrockstar.files.wordpress.com/2019/07/episode-204-with-pauline.mp3, WomenWhoStutter, 79
Women_Who_Stutter_Podcast_–_Make_Room_For_The_Stuttering, cool148, https://stutterrockstar.files.wordpress.com/2019/08/episode-205-with-danette.mp3, WomenWhoStutter, 80
Women_Who_Stutter_Podcast_–_Make_Room_For_The_Stuttering, cool148, https://stutterrockstar.files.wordpress.com/2019/09/episode-206-with-isabell-rennie.mp3, WomenWhoStutter, 81
Women_Who_Stutter_Podcast_–_Make_Room_For_The_Stuttering, cool148, https://stutterrockstar.files.wordpress.com/2019/09/episode-208-with-kelsey-h.mp3, WomenWhoStutter, 82
Women_Who_Stutter_Podcast_–_Make_Room_For_The_Stuttering, cool148, https://stutterrockstar.files.wordpress.com/2019/11/episode-210-with-dana.mp3, WomenWhoStutter, 83
Women_Who_Stutter_Podcast_–_Make_Room_For_The_Stuttering, cool148, https://stutterrockstar.files.wordpress.com/2020/01/episode-212-with-michele-delo.mp3, WomenWhoStutter, 84
Women_Who_Stutter_Podcast_–_Make_Room_For_The_Stuttering, cool148, https://stutterrockstar.files.wordpress.com/2020/03/episode-213-pam-solo-march-20.mp3, WomenWhoStutter, 85
Women_Who_Stutter_Podcast_–_Make_Room_For_The_Stuttering, cool148, https://stutterrockstar.files.wordpress.com/2020/03/episode-214-pam-on-alone-together.mp3, WomenWhoStutter, 86
Women_Who_Stutter_Podcast_–_Make_Room_For_The_Stuttering, cool148, https://stutterrockstar.files.wordpress.com/2020/04/episode-216-with-sam-and-patrick.mp3, WomenWhoStutter, 87
Women_Who_Stutter_Podcast_–_Make_Room_For_The_Stuttering, cool148, http://stutterrockstar.files.wordpress.com/2011/10/episode-71-with-megan.mp3, WomenWhoStutter, 88
Women_Who_Stutter_Podcast_–_Make_Room_For_The_Stuttering, cool148, http://stutterrockstar.files.wordpress.com/2011/11/episode-72-with-janet.mp3, WomenWhoStutter, 89
Women_Who_Stutter_Podcast_–_Make_Room_For_The_Stuttering, cool148, http://stutterrockstar.files.wordpress.com/2011/11/episode-73-with-jeni-avi.mp3, WomenWhoStutter, 90
Women_Who_Stutter_Podcast_–_Make_Room_For_The_Stuttering, cool148, http://stutterrockstar.files.wordpress.com/2011/12/episode-75-with-kelsey.mp3, WomenWhoStutter, 91
Women_Who_Stutter_Podcast_–_Make_Room_For_The_Stuttering, cool148, http://stutterrockstar.files.wordpress.com/2011/12/episode-76-with-andrea.mp3, WomenWhoStutter, 92
Women_Who_Stutter_Podcast_–_Make_Room_For_The_Stuttering, cool148, http://stutterrockstar.files.wordpress.com/2012/01/episode-77-w-lotte.mp3, WomenWhoStutter, 93
Women_Who_Stutter_Podcast_–_Make_Room_For_The_Stuttering, cool148, http://stutterrockstar.files.wordpress.com/2012/01/episode-78-with-fianna.mp3, WomenWhoStutter, 94
Women_Who_Stutter_Podcast_–_Make_Room_For_The_Stuttering, cool148, https://stutterrockstar.files.wordpress.com/2012/01/episode-79-with-jacquelyn.mp3, WomenWhoStutter, 95
Women_Who_Stutter_Podcast_–_Make_Room_For_The_Stuttering, cool148, https://stutterrockstar.files.wordpress.com/2012/02/episode-81-with-vivian.mp3, WomenWhoStutter, 96
Women_Who_Stutter_Podcast_–_Make_Room_For_The_Stuttering, cool148, https://stutterrockstar.files.wordpress.com/2012/02/episode-82-with-jamie.mp3, WomenWhoStutter, 97
Women_Who_Stutter_Podcast_–_Make_Room_For_The_Stuttering, cool148, https://stutterrockstar.files.wordpress.com/2012/05/episode-86-with-emily.mp3, WomenWhoStutter, 98
Women_Who_Stutter_Podcast_–_Make_Room_For_The_Stuttering, cool148, https://stutterrockstar.files.wordpress.com/2012/06/episode-87-with-molly.mp3, WomenWhoStutter, 99
Women_Who_Stutter_Podcast_–_Make_Room_For_The_Stuttering, cool148, https://stutterrockstar.files.wordpress.com/2012/07/episode-88-with-anna-deeter.mp3, WomenWhoStutter, 100
Women_Who_Stutter_Podcast_–_Make_Room_For_The_Stuttering, cool148, https://stutterrockstar.files.wordpress.com/2012/07/episode-89-with-mandy.mp3, WomenWhoStutter, 101
Women_Who_Stutter_Podcast_–_Make_Room_For_The_Stuttering, cool148, https://stutterrockstar.files.wordpress.com/2012/08/episode-90-with-briana.mp3, WomenWhoStutter, 102
Women_Who_Stutter_Podcast_–_Make_Room_For_The_Stuttering, cool148, https://stutterrockstar.files.wordpress.com/2012/09/episode-91-with-annie.mp3, WomenWhoStutter, 103
Women_Who_Stutter_Podcast_–_Make_Room_For_The_Stuttering, cool148, https://stutterrockstar.files.wordpress.com/2012/09/episode-92-with-ruth.mp3, WomenWhoStutter, 104
Women_Who_Stutter_Podcast_–_Make_Room_For_The_Stuttering, cool148, https://stutterrockstar.files.wordpress.com/2012/10/episode-93-w-barbara-dahm.mp3, WomenWhoStutter, 105
Women_Who_Stutter_Podcast_–_Make_Room_For_The_Stuttering, cool148, https://stutterrockstar.files.wordpress.com/2012/10/episode-94-w-just-pam.mp3, WomenWhoStutter, 106
Women_Who_Stutter_Podcast_–_Make_Room_For_The_Stuttering, cool148, https://stutterrockstar.files.wordpress.com/2012/11/episode-95-with-caitlyn.mp3, WomenWhoStutter, 107
Women_Who_Stutter_Podcast_–_Make_Room_For_The_Stuttering, cool148, https://stutterrockstar.files.wordpress.com/2012/12/episode-96-with-kelsey-smith.mp3, WomenWhoStutter, 108
Women_Who_Stutter_Podcast_–_Make_Room_For_The_Stuttering, cool148, https://stutterrockstar.files.wordpress.com/2013/01/episode-97-with-chloe-w.mp3, WomenWhoStutter, 109
